pair_key,layout,p0,p1,n_episodes,horizon,mean_reward,stderr_reward,mean_deliveries,stderr_deliveries,delivery_rate
asymmetric_advantages::bc_lstm+bc_lstm,asymmetric_advantages,bc_lstm,bc_lstm,50,400,12.0,3.0983866769659336,0.6,0.15491933384829665,0.34
asymmetric_advantages::bc_lstm+bc_mlp,asymmetric_advantages,bc_lstm,bc_mlp,50,400,17.6,2.631501472543764,0.88,0.1315750736271882,0.6
asymmetric_advantages::bc_lstm+ppo,asymmetric_advantages,bc_lstm,ppo,50,400,120.8,6.787282224867329,6.04,0.3393641112433664,0.94
asymmetric_advantages::bc_lstm+random,asymmetric_advantages,bc_lstm,random,50,400,4.0,1.131370849898476,0.2,0.0565685424949238,0.2
asymmetric_advantages::bc_mlp+bc_lstm,asymmetric_advantages,bc_mlp,bc_lstm,50,400,22.4,2.974020847270577,1.12,0.14870104236352885,0.68
asymmetric_advantages::bc_mlp+bc_mlp,asymmetric_advantages,bc_mlp,bc_mlp,50,400,28.8,3.1066380542316154,1.44,0.1553319027115808,0.8
asymmetric_advantages::bc_mlp+ppo,asymmetric_advantages,bc_mlp,ppo,50,400,136.0,5.571355310873647,6.8,0.27856776554368234,1.0
asymmetric_advantages::bc_mlp+random,asymmetric_advantages,bc_mlp,random,50,400,19.6,2.365755693219399,0.98,0.11828778466096995,0.66
asymmetric_advantages::ppo+bc_lstm,asymmetric_advantages,ppo,bc_lstm,50,400,149.6,5.775534607289614,7.48,0.2887767303644807,1.0
asymmetric_advantages::ppo+bc_mlp,asymmetric_advantages,ppo,bc_mlp,50,400,144.0,6.144916598294886,7.2,0.3072458299147443,1.0
asymmetric_advantages::ppo+ppo,asymmetric_advantages,ppo,ppo,50,400,168.8,2.4106430677310984,8.44,0.1205321533865549,1.0
asymmetric_advantages::ppo+random,asymmetric_advantages,ppo,random,50,400,152.8,3.826643437792447,7.64,0.19133217188962234,1.0
asymmetric_advantages::random+bc_lstm,asymmetric_advantages,random,bc_lstm,50,400,7.2,1.4707821048680187,0.36,0.07353910524340095,0.34
asymmetric_advantages::random+bc_mlp,asymmetric_advantages,random,bc_mlp,50,400,9.6,1.719534820816374,0.48,0.0859767410408187,0.42
asymmetric_advantages::random+ppo,asymmetric_advantages,random,ppo,50,400,95.6,3.8900899732525467,4.78,0.19450449866262734,0.98
asymmetric_advantages::random+random,asymmetric_advantages,random,random,50,400,0.0,0.0,0.0,0.0,0.0
coordination_ring::bc_lstm+bc_lstm,coordination_ring,bc_lstm,bc_lstm,50,400,2.4,0.9191300234460846,0.12,0.04595650117230423,0.12
coordination_ring::bc_lstm+bc_mlp,coordination_ring,bc_lstm,bc_mlp,50,400,6.0,1.296148139681572,0.3,0.0648074069840786,0.3
coordination_ring::bc_lstm+ppo,coordination_ring,bc_lstm,ppo,50,400,60.8,4.231689969740222,3.04,0.21158449848701108,0.94
coordination_ring::bc_lstm+random,coordination_ring,bc_lstm,random,50,400,0.4,0.3959797974644667,0.02,0.019798989873223326,0.02
coordination_ring::bc_mlp+bc_lstm,coordination_ring,bc_mlp,bc_lstm,50,400,4.8,1.5553777676178864,0.24,0.07776888838089432,0.18
coordination_ring::bc_mlp+bc_mlp,coordination_ring,bc_mlp,bc_mlp,50,400,8.4,1.5062536307010184,0.42,0.07531268153505093,0.4
coordination_ring::bc_mlp+ppo,coordination_ring,bc_mlp,ppo,50,400,61.6,3.6590709203293668,3.08,0.18295354601646835,0.98
coordination_ring::bc_mlp+random,coordination_ring,bc_mlp,random,50,400,2.0,0.848528137423857,0.1,0.04242640687119285,0.1
coordination_ring::ppo+bc_lstm,coordination_ring,ppo,bc_lstm,50,400,64.8,3.690420030294655,3.24,0.18452100151473275,0.96
coordination_ring::ppo+bc_mlp,coordination_ring,ppo,bc_mlp,50,400,65.2,3.6577588766893863,3.26,0.18288794383446932,0.96
coordination_ring::ppo+ppo,coordination_ring,ppo,ppo,50,400,91.2,2.7223519243477687,4.56,0.13611759621738842,1.0
coordination_ring::ppo+random,coordination_ring,ppo,random,50,400,42.0,3.059411708155671,2.1,0.15297058540778352,0.92
coordination_ring::random+bc_lstm,coordination_ring,random,bc_lstm,50,400,2.0,0.848528137423857,0.1,0.04242640687119285,0.1
coordination_ring::random+bc_mlp,coordination_ring,random,bc_mlp,50,400,2.0,1.0198039027185568,0.1,0.05099019513592785,0.08
coordination_ring::random+ppo,coordination_ring,random,ppo,50,400,42.0,2.8982753492378874,2.1,0.14491376746189435,0.96
coordination_ring::random+random,coordination_ring,random,random,50,400,0.0,0.0,0.0,0.0,0.0
cramped_room::bc_lstm+bc_lstm,cramped_room,bc_lstm,bc_lstm,50,400,8.4,1.5062536307010184,0.42,0.07531268153505093,0.4
cramped_room::bc_lstm+bc_mlp,cramped_room,bc_lstm,bc_mlp,50,400,9.6,1.8101933598375617,0.48,0.09050966799187808,0.4
cramped_room::bc_lstm+ppo,cramped_room,bc_lstm,ppo,50,400,119.2,3.958181400592954,5.96,0.19790907002964767,1.0
cramped_room::bc_lstm+random,cramped_room,bc_lstm,random,50,400,5.2,1.3635248439247447,0.26,0.06817624219623725,0.24
cramped_room::bc_mlp+bc_lstm,cramped_room,bc_mlp,bc_lstm,50,400,15.6,2.1384106247397856,0.78,0.10692053123698927,0.6
cramped_room::bc_mlp+bc_mlp,cramped_room,bc_mlp,bc_mlp,50,400,30.4,3.3101057384923522,1.52,0.16550528692461763,0.76
cramped_room::bc_mlp+ppo,cramped_room,bc_mlp,ppo,50,400,107.6,4.266708333129885,5.38,0.21333541665649422,1.0
cramped_room::bc_mlp+random,cramped_room,bc_mlp,random,50,400,6.4,1.5429841217588727,0.32,0.07714920608794365,0.28
cramped_room::ppo+bc_lstm,cramped_room,ppo,bc_lstm,50,400,104.0,5.184592558726288,5.2,0.2592296279363144,0.98
cramped_room::ppo+bc_mlp,cramped_room,ppo,bc_mlp,50,400,113.6,4.945786085143594,5.68,0.24728930425717968,1.0
cramped_room::ppo+ppo,cramped_room,ppo,ppo,50,400,144.8,2.5018393233779026,7.24,0.12509196616889512,1.0
cramped_room::ppo+random,cramped_room,ppo,random,50,400,128.8,4.459955156725233,6.44,0.22299775783626166,1.0
cramped_room::random+bc_lstm,cramped_room,random,bc_lstm,50,400,6.0,1.624807680927192,0.3,0.08124038404635958,0.24
cramped_room::random+bc_mlp,cramped_room,random,bc_mlp,50,400,6.4,1.5429841217588731,0.32,0.07714920608794362,0.28
cramped_room::random+ppo,cramped_room,random,ppo,50,400,130.0,3.9293765408777,6.5,0.19646882704388502,1.0
cramped_room::random+random,cramped_room,random,random,50,400,0.0,0.0,0.0,0.0,0.0
